<?xml version="1.0" encoding="UTF-8"?>
<!--
  ~ JBoss, Home of Professional Open Source.
  ~ Copyright 2010, Red Hat, Inc., and individual contributors
  ~ as indicated by the @author tags. See the copyright.txt file in the
  ~ distribution for a full listing of individual contributors.
  ~
  ~ This is free software; you can redistribute it and/or modify it
  ~ under the terms of the GNU Lesser General Public License as
  ~ published by the Free Software Foundation; either version 2.1 of
  ~ the License, or (at your option) any later version.
  ~
  ~ This software is distributed in the hope that it will be useful,
  ~ but WITHOUT ANY WARRANTY; without even the implied warranty of
  ~ MERCHANTABILITY or FITNESS FOR A PARTICULAR PURPOSE. See the GNU
  ~ Lesser General Public License for more details.
  ~
  ~ You should have received a copy of the GNU Lesser General Public
  ~ License along with this software; if not, write to the Free
  ~ Software Foundation, Inc., 51 Franklin St, Fifth Floor, Boston, MA
  ~ 02110-1301 USA, or see the FSF site: http://www.fsf.org.
  -->
<module name="org.picketbox" xmlns="urn:jboss:module:1.9">
    <!-- This module is deprecated and subject to being removed in a subsequent release. -->
    <properties>
      <property name="jboss.api" value="deprecated"/>
    </properties>

    <resources>
        <artifact name="org.picketbox:picketbox:5.0.3.Final-redhat-00007"/>
        <artifact name="org.picketbox:picketbox-infinispan:5.0.3.Final-redhat-00007"/>
        <artifact name="org.picketbox:picketbox-commons:1.0.0.final"/>
    </resources>

    <dependencies>
        <module name="java.logging"/>
        <module name="java.management"/>
        <module name="java.naming"/>
        <module name="java.sql"/>
        <module name="java.xml"/>
        <!--WFLY-14219 Remove deprecated <module name="javax.api"/> -->
        <module name="javax.persistence.api" optional="true"/>
        <module name="javax.resource.api" optional="true"/>
        <module name="javax.security.auth.message.api" optional="true"/>
        <module name="javax.security.jacc.api"/>
        <module name="javax.servlet.api"/>
        <module name="javax.transaction.api" optional="true"/>
        <module name="javax.xml.bind.api" optional="true"/>
        <module name="javax.xml.stream.api" optional="true"/>
        <module name="org.jboss.logging"/>
        <module name="org.infinispan" optional="true"/>
        <module name="org.jboss.security.xacml" optional="true"/>
        <module name="org.jboss.modules" optional="true"/>
        <module name="sun.jdk"/>
    </dependencies>
</module>
