<?xml version="1.0" encoding="UTF-8"?>
<!--
  ~ JBoss, Home of Professional Open Source.
  ~ Copyright 2010, Red Hat, Inc., and individual contributors
  ~ as indicated by the @author tags. See the copyright.txt file in the
  ~ distribution for a full listing of individual contributors.
  ~
  ~ This is free software; you can redistribute it and/or modify it
  ~ under the terms of the GNU Lesser General Public License as
  ~ published by the Free Software Foundation; either version 2.1 of
  ~ the License, or (at your option) any later version.
  ~
  ~ This software is distributed in the hope that it will be useful,
  ~ but WITHOUT ANY WARRANTY; without even the implied warranty of
  ~ MERCHANTABILITY or FITNESS FOR A PARTICULAR PURPOSE. See the GNU
  ~ Lesser General Public License for more details.
  ~
  ~ You should have received a copy of the GNU Lesser General Public
  ~ License along with this software; if not, write to the Free
  ~ Software Foundation, Inc., 51 Franklin St, Fifth Floor, Boston, MA
  ~ 02110-1301 USA, or see the FSF site: http://www.fsf.org.
  -->
<module name="org.hornetq.client" xmlns="urn:jboss:module:1.9">

    <properties>
        <property name="jboss.api" value="private"/>
    </properties>

    <resources>
        <artifact name="org.hornetq:hornetq-commons:2.4.7.Final"/>
        <artifact name="org.hornetq:hornetq-core-client:2.4.7.Final"/>
        <artifact name="org.hornetq:hornetq-jms-client:2.4.7.Final"/>
    </resources>

    <dependencies>
        <module name="java.management"/>
        <module name="java.naming"/>
        <module name="javax.transaction.api"/>
        <!--WFLY-14219 Remove deprecated <module name="javax.api"/> -->
        <module name="javax.jms.api"/>
        <module name="javax.resource.api"/>
        <module name="io.netty"/>
        <module name="org.jboss.logging"/>
        <module name="org.jgroups"/>
        <module name="org.wildfly.naming-client" services="import"/>
        <module name="java.xml"/>
    </dependencies>
</module>
