<?xml version="1.0" encoding="UTF-8" standalone="no"?>
<licenseSummary>
  <dependencies>
    <dependency>
      <groupId>com.fasterxml.jackson.dataformat</groupId>
      <artifactId>jackson-dataformat-yaml</artifactId>
      <version>2.12.3</version>
      <licenses>
        <license>
          <name>Apache License 2.0</name>
          <url>http://www.apache.org/licenses/LICENSE-2.0</url>
          <distribution>repo</distribution>
        </license>
      </licenses>
    </dependency>
    <dependency>
      <groupId>io.jaegertracing</groupId>
      <artifactId>jaeger-client</artifactId>
      <version>1.6.0</version>
      <licenses>
        <license>
          <name>The Apache License, Version 2.0</name>
          <url>http://www.apache.org/licenses/LICENSE-2.0.txt</url>
        </license>
      </licenses>
    </dependency>
    <dependency>
      <groupId>io.jaegertracing</groupId>
      <artifactId>jaeger-core</artifactId>
      <version>1.6.0</version>
      <licenses>
        <license>
          <name>Apache License 2.0</name>
          <url>http://www.apache.org/licenses/LICENSE-2.0</url>
          <distribution>repo</distribution>
        </license>
      </licenses>
    </dependency>
    <dependency>
      <groupId>io.jaegertracing</groupId>
      <artifactId>jaeger-thrift</artifactId>
      <version>1.6.0</version>
      <licenses>
        <license>
          <name>Apache License 2.0</name>
          <url>http://www.apache.org/licenses/LICENSE-2.0</url>
          <distribution>repo</distribution>
        </license>
      </licenses>
    </dependency>
    <dependency>
      <groupId>io.opentracing</groupId>
      <artifactId>opentracing-api</artifactId>
      <version>0.33.0</version>
      <licenses>
        <license>
          <name>Apache License 2.0</name>
          <url>http://www.apache.org/licenses/LICENSE-2.0</url>
          <distribution>repo</distribution>
        </license>
      </licenses>
    </dependency>
    <dependency>
      <groupId>io.opentracing</groupId>
      <artifactId>opentracing-noop</artifactId>
      <version>0.33.0</version>
      <licenses>
        <license>
          <name>Apache License 2.0</name>
          <url>http://www.apache.org/licenses/LICENSE-2.0</url>
          <distribution>repo</distribution>
        </license>
      </licenses>
    </dependency>
    <dependency>
      <groupId>io.opentracing</groupId>
      <artifactId>opentracing-util</artifactId>
      <version>0.33.0</version>
      <licenses>
        <license>
          <name>Apache License 2.0</name>
          <url>http://www.apache.org/licenses/LICENSE-2.0</url>
          <distribution>repo</distribution>
        </license>
      </licenses>
    </dependency>
    <dependency>
      <groupId>io.opentracing.contrib</groupId>
      <artifactId>opentracing-concurrent</artifactId>
      <version>0.4.0</version>
      <licenses>
        <license>
          <name>Apache License 2.0</name>
          <url>http://www.apache.org/licenses/LICENSE-2.0</url>
          <distribution>repo</distribution>
        </license>
      </licenses>
    </dependency>
    <dependency>
      <groupId>io.opentracing.contrib</groupId>
      <artifactId>opentracing-interceptors</artifactId>
      <version>0.1.3</version>
      <licenses>
        <license>
          <name>Apache License 2.0</name>
          <url>http://www.apache.org/licenses/LICENSE-2.0</url>
          <distribution>repo</distribution>
        </license>
      </licenses>
    </dependency>
    <dependency>
      <groupId>io.opentracing.contrib</groupId>
      <artifactId>opentracing-jaxrs2</artifactId>
      <version>1.0.0</version>
      <licenses>
        <license>
          <name>Apache License 2.0</name>
          <url>http://www.apache.org/licenses/LICENSE-2.0</url>
          <distribution>repo</distribution>
        </license>
      </licenses>
    </dependency>
    <dependency>
      <groupId>io.opentracing.contrib</groupId>
      <artifactId>opentracing-tracerresolver</artifactId>
      <version>0.1.8</version>
      <licenses>
        <license>
          <name>Apache License 2.0</name>
          <url>http://www.apache.org/licenses/LICENSE-2.0</url>
          <distribution>repo</distribution>
        </license>
      </licenses>
    </dependency>
    <dependency>
      <groupId>io.opentracing.contrib</groupId>
      <artifactId>opentracing-web-servlet-filter</artifactId>
      <version>0.2.3</version>
      <licenses>
        <license>
          <name>Apache License 2.0</name>
          <url>http://www.apache.org/licenses/LICENSE-2.0</url>
          <distribution>repo</distribution>
        </license>
      </licenses>
    </dependency>
    <dependency>
      <groupId>io.smallrye</groupId>
      <artifactId>smallrye-fault-tolerance</artifactId>
      <version>5.1.0</version>
      <licenses>
        <license>
          <name>Apache License 2.0</name>
          <url>http://www.apache.org/licenses/LICENSE-2.0</url>
          <distribution>repo</distribution>
        </license>
      </licenses>
    </dependency>
    <dependency>
      <groupId>io.smallrye</groupId>
      <artifactId>smallrye-fault-tolerance-api</artifactId>
      <version>5.1.0</version>
      <licenses>
        <license>
          <name>Apache License 2.0</name>
          <url>http://www.apache.org/licenses/LICENSE-2.0</url>
          <distribution>repo</distribution>
        </license>
      </licenses>
    </dependency>
    <dependency>
      <groupId>io.smallrye</groupId>
      <artifactId>smallrye-fault-tolerance-core</artifactId>
      <version>5.1.0</version>
      <licenses>
        <license>
          <name>Apache License 2.0</name>
          <url>http://www.apache.org/licenses/LICENSE-2.0</url>
          <distribution>repo</distribution>
        </license>
      </licenses>
    </dependency>
    <dependency>
      <groupId>io.smallrye</groupId>
      <artifactId>smallrye-health</artifactId>
      <version>3.0.2</version>
      <licenses>
        <license>
          <name>Apache License 2.0</name>
          <url>http://www.apache.org/licenses/LICENSE-2.0</url>
          <distribution>repo</distribution>
        </license>
      </licenses>
    </dependency>
    <dependency>
      <groupId>io.smallrye</groupId>
      <artifactId>smallrye-jwt</artifactId>
      <version>3.1.1</version>
      <licenses>
        <license>
          <name>Apache License 2.0</name>
          <url>http://www.apache.org/licenses/LICENSE-2.0</url>
          <distribution>repo</distribution>
        </license>
      </licenses>
    </dependency>
    <dependency>
      <groupId>io.smallrye</groupId>
      <artifactId>smallrye-jwt-cdi-extension</artifactId>
      <version>3.1.1</version>
      <licenses>
        <license>
          <name>Apache License 2.0</name>
          <url>http://www.apache.org/licenses/LICENSE-2.0</url>
          <distribution>repo</distribution>
        </license>
      </licenses>
    </dependency>
    <dependency>
      <groupId>io.smallrye</groupId>
      <artifactId>smallrye-jwt-common</artifactId>
      <version>3.1.1</version>
      <licenses>
        <license>
          <name>Apache License 2.0</name>
          <url>http://www.apache.org/licenses/LICENSE-2.0</url>
          <distribution>repo</distribution>
        </license>
      </licenses>
    </dependency>
    <dependency>
      <groupId>io.smallrye</groupId>
      <artifactId>smallrye-jwt-http-mechanism</artifactId>
      <version>3.1.1</version>
      <licenses>
        <license>
          <name>Apache License 2.0</name>
          <url>http://www.apache.org/licenses/LICENSE-2.0</url>
          <distribution>repo</distribution>
        </license>
      </licenses>
    </dependency>
    <dependency>
      <groupId>io.smallrye</groupId>
      <artifactId>smallrye-metrics</artifactId>
      <version>3.0.3</version>
      <licenses>
        <license>
          <name>Apache License 2.0</name>
          <url>http://www.apache.org/licenses/LICENSE-2.0</url>
          <distribution>repo</distribution>
        </license>
      </licenses>
    </dependency>
    <dependency>
      <groupId>io.smallrye</groupId>
      <artifactId>smallrye-metrics-api</artifactId>
      <version>3.0.3</version>
      <licenses>
        <license>
          <name>Apache License 2.0</name>
          <url>http://www.apache.org/licenses/LICENSE-2.0</url>
          <distribution>repo</distribution>
        </license>
      </licenses>
    </dependency>
    <dependency>
      <groupId>io.smallrye</groupId>
      <artifactId>smallrye-open-api-core</artifactId>
      <version>2.1.5</version>
      <licenses>
        <license>
          <name>Apache License 2.0</name>
          <url>http://www.apache.org/licenses/LICENSE-2.0</url>
          <distribution>repo</distribution>
        </license>
      </licenses>
    </dependency>
    <dependency>
      <groupId>io.smallrye</groupId>
      <artifactId>smallrye-open-api-jaxrs</artifactId>
      <version>2.1.5</version>
      <licenses>
        <license>
          <name>Apache License 2.0</name>
          <url>http://www.apache.org/licenses/LICENSE-2.0</url>
          <distribution>repo</distribution>
        </license>
      </licenses>
    </dependency>
    <dependency>
      <groupId>io.smallrye</groupId>
      <artifactId>smallrye-opentracing</artifactId>
      <version>2.0.0</version>
      <licenses>
        <license>
          <name>Apache License 2.0</name>
          <url>http://www.apache.org/licenses/LICENSE-2.0</url>
          <distribution>repo</distribution>
        </license>
      </licenses>
    </dependency>
    <dependency>
      <groupId>io.smallrye.common</groupId>
      <artifactId>smallrye-common-annotation</artifactId>
      <version>1.6.0</version>
      <licenses>
        <license>
          <name>Apache License 2.0</name>
          <url>http://www.apache.org/licenses/LICENSE-2.0</url>
          <distribution>repo</distribution>
        </license>
      </licenses>
    </dependency>
    <dependency>
      <groupId>io.smallrye.common</groupId>
      <artifactId>smallrye-common-classloader</artifactId>
      <version>1.6.0</version>
      <licenses>
        <license>
          <name>Apache License 2.0</name>
          <url>http://www.apache.org/licenses/LICENSE-2.0</url>
          <distribution>repo</distribution>
        </license>
      </licenses>
    </dependency>
    <dependency>
      <groupId>io.smallrye.common</groupId>
      <artifactId>smallrye-common-constraint</artifactId>
      <version>1.6.0</version>
      <licenses>
        <license>
          <name>Apache License 2.0</name>
          <url>http://www.apache.org/licenses/LICENSE-2.0</url>
          <distribution>repo</distribution>
        </license>
      </licenses>
    </dependency>
    <dependency>
      <groupId>io.smallrye.common</groupId>
      <artifactId>smallrye-common-expression</artifactId>
      <version>1.6.0</version>
      <licenses>
        <license>
          <name>Apache License 2.0</name>
          <url>http://www.apache.org/licenses/LICENSE-2.0</url>
          <distribution>repo</distribution>
        </license>
      </licenses>
    </dependency>
    <dependency>
      <groupId>io.smallrye.common</groupId>
      <artifactId>smallrye-common-function</artifactId>
      <version>1.6.0</version>
      <licenses>
        <license>
          <name>Apache License 2.0</name>
          <url>http://www.apache.org/licenses/LICENSE-2.0</url>
          <distribution>repo</distribution>
        </license>
      </licenses>
    </dependency>
    <dependency>
      <groupId>io.smallrye.config</groupId>
      <artifactId>smallrye-config</artifactId>
      <version>2.0.2</version>
      <licenses>
        <license>
          <name>Apache License 2.0</name>
          <url>http://www.apache.org/licenses/LICENSE-2.0</url>
          <distribution>repo</distribution>
        </license>
      </licenses>
    </dependency>
    <dependency>
      <groupId>io.smallrye.config</groupId>
      <artifactId>smallrye-config-common</artifactId>
      <version>2.0.2</version>
      <licenses>
        <license>
          <name>Apache License 2.0</name>
          <url>http://www.apache.org/licenses/LICENSE-2.0</url>
          <distribution>repo</distribution>
        </license>
      </licenses>
    </dependency>
    <dependency>
      <groupId>io.smallrye.config</groupId>
      <artifactId>smallrye-config-core</artifactId>
      <version>2.0.2</version>
      <licenses>
        <license>
          <name>Apache License 2.0</name>
          <url>http://www.apache.org/licenses/LICENSE-2.0</url>
          <distribution>repo</distribution>
        </license>
      </licenses>
    </dependency>
    <dependency>
      <groupId>io.smallrye.config</groupId>
      <artifactId>smallrye-config-source-file-system</artifactId>
      <version>2.0.2</version>
      <licenses>
        <license>
          <name>Apache License 2.0</name>
          <url>http://www.apache.org/licenses/LICENSE-2.0</url>
          <distribution>repo</distribution>
        </license>
      </licenses>
    </dependency>
    <dependency>
      <groupId>io.smallrye.reactive</groupId>
      <artifactId>mutiny</artifactId>
      <version>0.14.0</version>
      <licenses>
        <license>
          <name>Apache License 2.0</name>
          <url>http://www.apache.org/licenses/LICENSE-2.0</url>
          <distribution>repo</distribution>
        </license>
      </licenses>
    </dependency>
    <dependency>
      <groupId>io.smallrye.reactive</groupId>
      <artifactId>mutiny-reactive-streams-operators</artifactId>
      <version>0.14.0</version>
      <licenses>
        <license>
          <name>Apache License 2.0</name>
          <url>http://www.apache.org/licenses/LICENSE-2.0</url>
          <distribution>repo</distribution>
        </license>
      </licenses>
    </dependency>
    <dependency>
      <groupId>io.smallrye.reactive</groupId>
      <artifactId>smallrye-mutiny-vertx-core</artifactId>
      <version>2.6.0</version>
      <licenses>
        <license>
          <name>Apache License 2.0</name>
          <url>http://www.apache.org/licenses/LICENSE-2.0</url>
          <distribution>repo</distribution>
        </license>
      </licenses>
    </dependency>
    <dependency>
      <groupId>io.smallrye.reactive</groupId>
      <artifactId>smallrye-mutiny-vertx-kafka-client</artifactId>
      <version>2.6.0</version>
      <licenses>
        <license>
          <name>Apache License 2.0</name>
          <url>http://www.apache.org/licenses/LICENSE-2.0</url>
          <distribution>repo</distribution>
        </license>
      </licenses>
    </dependency>
    <dependency>
      <groupId>io.smallrye.reactive</groupId>
      <artifactId>smallrye-mutiny-vertx-runtime</artifactId>
      <version>2.6.0</version>
      <licenses>
        <license>
          <name>Apache License 2.0</name>
          <url>http://www.apache.org/licenses/LICENSE-2.0</url>
          <distribution>repo</distribution>
        </license>
      </licenses>
    </dependency>
    <dependency>
      <groupId>io.smallrye.reactive</groupId>
      <artifactId>smallrye-reactive-converter-api</artifactId>
      <version>2.6.0</version>
      <licenses>
        <license>
          <name>Apache License 2.0</name>
          <url>http://www.apache.org/licenses/LICENSE-2.0</url>
          <distribution>repo</distribution>
        </license>
      </licenses>
    </dependency>
    <dependency>
      <groupId>io.smallrye.reactive</groupId>
      <artifactId>smallrye-reactive-messaging-api</artifactId>
      <version>3.5.0</version>
      <licenses>
        <license>
          <name>Apache License 2.0</name>
          <url>http://www.apache.org/licenses/LICENSE-2.0</url>
          <distribution>repo</distribution>
        </license>
      </licenses>
    </dependency>
    <dependency>
      <groupId>io.smallrye.reactive</groupId>
      <artifactId>smallrye-reactive-messaging-kafka</artifactId>
      <version>3.5.0</version>
      <licenses>
        <license>
          <name>Apache License 2.0</name>
          <url>http://www.apache.org/licenses/LICENSE-2.0</url>
          <distribution>repo</distribution>
        </license>
      </licenses>
    </dependency>
    <dependency>
      <groupId>io.smallrye.reactive</groupId>
      <artifactId>smallrye-reactive-messaging-provider</artifactId>
      <version>3.5.0</version>
      <licenses>
        <license>
          <name>Apache License 2.0</name>
          <url>http://www.apache.org/licenses/LICENSE-2.0</url>
          <distribution>repo</distribution>
        </license>
      </licenses>
    </dependency>
    <dependency>
      <groupId>io.vertx</groupId>
      <artifactId>vertx-core</artifactId>
      <version>4.0.2</version>
      <licenses>
        <license>
          <name>Apache License 2.0</name>
          <url>http://www.apache.org/licenses/LICENSE-2.0</url>
          <distribution>repo</distribution>
        </license>
        <license>
          <name>Eclipse Public License 2.0</name>
          <url>http://www.eclipse.org/legal/epl-2.0</url>
          <distribution>repo</distribution>
        </license>
      </licenses>
    </dependency>
    <dependency>
      <groupId>io.vertx</groupId>
      <artifactId>vertx-kafka-client</artifactId>
      <version>4.0.2</version>
      <licenses>
        <license>
          <name>Apache License 2.0</name>
          <url>http://www.apache.org/licenses/LICENSE-2.0</url>
          <distribution>repo</distribution>
        </license>
      </licenses>
    </dependency>
    <dependency>
      <groupId>org.apache.kafka</groupId>
      <artifactId>kafka-clients</artifactId>
      <version>2.7.0</version>
      <licenses>
        <license>
          <name>Apache License 2.0</name>
          <url>http://www.apache.org/licenses/LICENSE-2.0</url>
          <distribution>repo</distribution>
        </license>
      </licenses>
    </dependency>
    <dependency>
      <groupId>org.apache.thrift</groupId>
      <artifactId>libthrift</artifactId>
      <version>0.14.1</version>
      <licenses>
        <license>
          <name>Apache License 2.0</name>
          <url>http://www.apache.org/licenses/LICENSE-2.0</url>
          <distribution>repo</distribution>
        </license>
      </licenses>
    </dependency>
    <dependency>
      <groupId>org.bitbucket.b_c</groupId>
      <artifactId>jose4j</artifactId>
      <version>0.7.2</version>
      <licenses>
        <license>
          <name>Apache License 2.0</name>
          <url>http://www.apache.org/licenses/LICENSE-2.0</url>
          <distribution>repo</distribution>
        </license>
      </licenses>
    </dependency>
    <dependency>
      <groupId>org.eclipse.microprofile.config</groupId>
      <artifactId>microprofile-config-api</artifactId>
      <version>2.0</version>
      <licenses>
        <license>
          <name>Apache License 2.0</name>
          <url>http://www.apache.org/licenses/LICENSE-2.0</url>
          <distribution>repo</distribution>
        </license>
      </licenses>
    </dependency>
    <dependency>
      <groupId>org.eclipse.microprofile.fault-tolerance</groupId>
      <artifactId>microprofile-fault-tolerance-api</artifactId>
      <version>3.0</version>
      <licenses>
        <license>
          <name>Apache License 2.0</name>
          <url>http://www.apache.org/licenses/LICENSE-2.0</url>
          <distribution>repo</distribution>
        </license>
      </licenses>
    </dependency>
    <dependency>
      <groupId>org.eclipse.microprofile.health</groupId>
      <artifactId>microprofile-health-api</artifactId>
      <version>3.0</version>
      <licenses>
        <license>
          <name>Apache License 2.0</name>
          <url>http://www.apache.org/licenses/LICENSE-2.0</url>
          <distribution>repo</distribution>
        </license>
      </licenses>
    </dependency>
    <dependency>
      <groupId>org.eclipse.microprofile.jwt</groupId>
      <artifactId>microprofile-jwt-auth-api</artifactId>
      <version>1.2</version>
      <licenses>
        <license>
          <name>Apache License 2.0</name>
          <url>http://www.apache.org/licenses/LICENSE-2.0</url>
          <distribution>repo</distribution>
        </license>
      </licenses>
    </dependency>
    <dependency>
      <groupId>org.eclipse.microprofile.metrics</groupId>
      <artifactId>microprofile-metrics-api</artifactId>
      <version>3.0</version>
      <licenses>
        <license>
          <name>Apache License 2.0</name>
          <url>http://www.apache.org/licenses/LICENSE-2.0</url>
          <distribution>repo</distribution>
        </license>
      </licenses>
    </dependency>
    <dependency>
      <groupId>org.eclipse.microprofile.openapi</groupId>
      <artifactId>microprofile-openapi-api</artifactId>
      <version>2.0</version>
      <licenses>
        <license>
          <name>Apache License 2.0</name>
          <url>http://www.apache.org/licenses/LICENSE-2.0</url>
          <distribution>repo</distribution>
        </license>
      </licenses>
    </dependency>
    <dependency>
      <groupId>org.eclipse.microprofile.opentracing</groupId>
      <artifactId>microprofile-opentracing-api</artifactId>
      <version>2.0</version>
      <licenses>
        <license>
          <name>Apache License 2.0</name>
          <url>http://www.apache.org/licenses/LICENSE-2.0</url>
          <distribution>repo</distribution>
        </license>
      </licenses>
    </dependency>
    <dependency>
      <groupId>org.eclipse.microprofile.reactive-streams-operators</groupId>
      <artifactId>microprofile-reactive-streams-operators-api</artifactId>
      <version>2.0</version>
      <licenses>
        <license>
          <name>Apache License 2.0</name>
          <url>http://www.apache.org/licenses/LICENSE-2.0</url>
          <distribution>repo</distribution>
        </license>
      </licenses>
    </dependency>
    <dependency>
      <groupId>org.eclipse.microprofile.reactive-streams-operators</groupId>
      <artifactId>microprofile-reactive-streams-operators-core</artifactId>
      <version>2.0</version>
      <licenses>
        <license>
          <name>Apache License 2.0</name>
          <url>http://www.apache.org/licenses/LICENSE-2.0</url>
          <distribution>repo</distribution>
        </license>
      </licenses>
    </dependency>
    <dependency>
      <groupId>org.eclipse.microprofile.reactive.messaging</groupId>
      <artifactId>microprofile-reactive-messaging-api</artifactId>
      <version>1.0</version>
      <licenses>
        <license>
          <name>Apache License 2.0</name>
          <url>http://www.apache.org/licenses/LICENSE-2.0</url>
          <distribution>repo</distribution>
        </license>
      </licenses>
    </dependency>
    <dependency>
      <groupId>org.eclipse.microprofile.rest.client</groupId>
      <artifactId>microprofile-rest-client-api</artifactId>
      <version>2.0</version>
      <licenses>
        <license>
          <name>Apache License 2.0</name>
          <url>http://www.apache.org/licenses/LICENSE-2.0</url>
          <distribution>repo</distribution>
        </license>
      </licenses>
    </dependency>
    <dependency>
      <groupId>org.jboss.resteasy</groupId>
      <artifactId>resteasy-client-microprofile</artifactId>
      <version>3.15.1.Final</version>
      <licenses>
        <license>
          <name>Apache License 2.0</name>
          <url>http://www.apache.org/licenses/LICENSE-2.0</url>
          <distribution>repo</distribution>
        </license>
      </licenses>
    </dependency>
    <dependency>
      <groupId>org.jboss.resteasy</groupId>
      <artifactId>resteasy-client-microprofile-base</artifactId>
      <version>3.15.1.Final</version>
      <licenses>
        <license>
          <name>Apache License 2.0</name>
          <url>http://www.apache.org/licenses/LICENSE-2.0</url>
          <distribution>repo</distribution>
        </license>
      </licenses>
    </dependency>
    <dependency>
      <groupId>org.reactivestreams</groupId>
      <artifactId>reactive-streams</artifactId>
      <version>1.0.3</version>
      <licenses>
        <license>
          <name>Creative Commons Zero v1.0 Universal</name>
          <url>http://creativecommons.org/publicdomain/zero/1.0/legalcode</url>
          <distribution>repo</distribution>
        </license>
      </licenses>
    </dependency>
    <dependency>
      <groupId>org.wildfly</groupId>
      <artifactId>wildfly-microprofile-config-smallrye</artifactId>
      <version>25.0.0.Beta1-SNAPSHOT</version>
      <licenses>
        <license>
          <name>GNU Lesser General Public License v2.1 or later</name>
          <url>http://repository.jboss.org/licenses/lgpl-2.1.txt</url>
          <distribution>repo</distribution>
        </license>
      </licenses>
    </dependency>
    <dependency>
      <groupId>org.wildfly</groupId>
      <artifactId>wildfly-microprofile-fault-tolerance-smallrye-executor</artifactId>
      <version>25.0.0.Beta1-SNAPSHOT</version>
      <licenses>
        <license>
          <name>GNU Lesser General Public License v2.1 or later</name>
          <url>http://repository.jboss.org/licenses/lgpl-2.1.txt</url>
          <distribution>repo</distribution>
        </license>
      </licenses>
    </dependency>
    <dependency>
      <groupId>org.wildfly</groupId>
      <artifactId>wildfly-microprofile-fault-tolerance-smallrye-extension</artifactId>
      <version>25.0.0.Beta1-SNAPSHOT</version>
      <licenses>
        <license>
          <name>GNU Lesser General Public License v2.1 or later</name>
          <url>http://repository.jboss.org/licenses/lgpl-2.1.txt</url>
          <distribution>repo</distribution>
        </license>
      </licenses>
    </dependency>
    <dependency>
      <groupId>org.wildfly</groupId>
      <artifactId>wildfly-microprofile-health-smallrye</artifactId>
      <version>25.0.0.Beta1-SNAPSHOT</version>
      <licenses>
        <license>
          <name>GNU Lesser General Public License v2.1 or later</name>
          <url>http://repository.jboss.org/licenses/lgpl-2.1.txt</url>
          <distribution>repo</distribution>
        </license>
      </licenses>
    </dependency>
    <dependency>
      <groupId>org.wildfly</groupId>
      <artifactId>wildfly-microprofile-jwt-smallrye</artifactId>
      <version>25.0.0.Beta1-SNAPSHOT</version>
      <licenses>
        <license>
          <name>GNU Lesser General Public License v2.1 or later</name>
          <url>http://repository.jboss.org/licenses/lgpl-2.1.txt</url>
          <distribution>repo</distribution>
        </license>
      </licenses>
    </dependency>
    <dependency>
      <groupId>org.wildfly</groupId>
      <artifactId>wildfly-microprofile-metrics-smallrye</artifactId>
      <version>25.0.0.Beta1-SNAPSHOT</version>
      <licenses>
        <license>
          <name>GNU Lesser General Public License v2.1 or later</name>
          <url>http://repository.jboss.org/licenses/lgpl-2.1.txt</url>
          <distribution>repo</distribution>
        </license>
      </licenses>
    </dependency>
    <dependency>
      <groupId>org.wildfly</groupId>
      <artifactId>wildfly-microprofile-openapi-smallrye</artifactId>
      <version>25.0.0.Beta1-SNAPSHOT</version>
      <licenses>
        <license>
          <name>GNU Lesser General Public License v2.1 or later</name>
          <url>http://repository.jboss.org/licenses/lgpl-2.1.txt</url>
          <distribution>repo</distribution>
        </license>
      </licenses>
    </dependency>
    <dependency>
      <groupId>org.wildfly</groupId>
      <artifactId>wildfly-microprofile-opentracing-extension</artifactId>
      <version>25.0.0.Beta1-SNAPSHOT</version>
      <licenses>
        <license>
          <name>GNU Lesser General Public License v2.1 or later</name>
          <url>http://repository.jboss.org/licenses/lgpl-2.1.txt</url>
          <distribution>repo</distribution>
        </license>
      </licenses>
    </dependency>
    <dependency>
      <groupId>org.wildfly</groupId>
      <artifactId>wildfly-microprofile-opentracing-smallrye</artifactId>
      <version>25.0.0.Beta1-SNAPSHOT</version>
      <licenses>
        <license>
          <name>GNU Lesser General Public License v2.1 or later</name>
          <url>http://repository.jboss.org/licenses/lgpl-2.1.txt</url>
          <distribution>repo</distribution>
        </license>
      </licenses>
    </dependency>
    <dependency>
      <groupId>org.wildfly</groupId>
      <artifactId>wildfly-microprofile-reactive-messaging</artifactId>
      <version>25.0.0.Beta1-SNAPSHOT</version>
      <licenses>
        <license>
          <name>GNU Lesser General Public License v2.1 or later</name>
          <url>http://repository.jboss.org/licenses/lgpl-2.1.txt</url>
          <distribution>repo</distribution>
        </license>
      </licenses>
    </dependency>
    <dependency>
      <groupId>org.wildfly</groupId>
      <artifactId>wildfly-microprofile-reactive-messaging-config</artifactId>
      <version>25.0.0.Beta1-SNAPSHOT</version>
      <licenses>
        <license>
          <name>GNU Lesser General Public License v2.1 or later</name>
          <url>http://repository.jboss.org/licenses/lgpl-2.1.txt</url>
          <distribution>repo</distribution>
        </license>
      </licenses>
    </dependency>
    <dependency>
      <groupId>org.wildfly</groupId>
      <artifactId>wildfly-microprofile-reactive-streams-operators</artifactId>
      <version>25.0.0.Beta1-SNAPSHOT</version>
      <licenses>
        <license>
          <name>GNU Lesser General Public License v2.1 or later</name>
          <url>http://repository.jboss.org/licenses/lgpl-2.1.txt</url>
          <distribution>repo</distribution>
        </license>
      </licenses>
    </dependency>
    <dependency>
      <groupId>org.wildfly</groupId>
      <artifactId>wildfly-microprofile-reactive-streams-operators-cdi-provider</artifactId>
      <version>25.0.0.Beta1-SNAPSHOT</version>
      <licenses>
        <license>
          <name>GNU Lesser General Public License v2.1 or later</name>
          <url>http://repository.jboss.org/licenses/lgpl-2.1.txt</url>
          <distribution>repo</distribution>
        </license>
      </licenses>
    </dependency>
    <dependency>
      <groupId>org.wildfly</groupId>
      <artifactId>wildfly-mp-feature-pack-galleon-common</artifactId>
      <version>25.0.0.Beta1-SNAPSHOT</version>
      <licenses>
        <license>
          <name>GNU Lesser General Public License v2.1 or later</name>
          <url>http://repository.jboss.org/licenses/lgpl-2.1.txt</url>
          <distribution>repo</distribution>
        </license>
      </licenses>
    </dependency>
    <dependency>
      <groupId>org.wildfly.galleon-plugins</groupId>
      <artifactId>wildfly-galleon-plugins</artifactId>
      <version>5.2.0.Final</version>
      <licenses>
        <license>
          <name>Apache License 2.0</name>
          <url>https://repository.jboss.org/licenses/apache-2.0.txt</url>
          <distribution>repo</distribution>
        </license>
      </licenses>
    </dependency>
    <dependency>
      <groupId>org.wildfly.security</groupId>
      <artifactId>wildfly-elytron-jwt</artifactId>
      <version>1.16.0.Final</version>
      <licenses>
        <license>
          <name>Apache License 2.0</name>
          <url>http://www.apache.org/licenses/LICENSE-2.0</url>
          <distribution>repo</distribution>
        </license>
      </licenses>
    </dependency>
  </dependencies>
</licenseSummary>
