<?xml version="1.0" encoding="UTF-8"?>
<!--
  ~ JBoss, Home of Professional Open Source.
  ~ Copyright 2015, Red Hat, Inc., and individual contributors
  ~ as indicated by the @author tags. See the copyright.txt file in the
  ~ distribution for a full listing of individual contributors.
  ~
  ~ This is free software; you can redistribute it and/or modify it
  ~ under the terms of the GNU Lesser General Public License as
  ~ published by the Free Software Foundation; either version 2.1 of
  ~ the License, or (at your option) any later version.
  ~
  ~ This software is distributed in the hope that it will be useful,
  ~ but WITHOUT ANY WARRANTY; without even the implied warranty of
  ~ MERCHANTABILITY or FITNESS FOR A PARTICULAR PURPOSE. See the GNU
  ~ Lesser General Public License for more details.
  ~
  ~ You should have received a copy of the GNU Lesser General Public
  ~ License along with this software; if not, write to the Free
  ~ Software Foundation, Inc., 51 Franklin St, Fifth Floor, Boston, MA
  ~ 02110-1301 USA, or see the FSF site: http://www.fsf.org.
  -->
<module name="org.infinispan.hibernate-cache" xmlns="urn:jboss:module:1.9">

    <properties>
        <property name="jboss.api" value="private"/>
    </properties>


    <resources>
        <artifact name="org.infinispan:infinispan-hibernate-cache-spi:12.1.4.Final"/>
        <artifact name="org.infinispan:infinispan-hibernate-cache-commons:12.1.4.Final"/>
        <artifact name="org.infinispan:infinispan-hibernate-cache-v53:12.1.4.Final"/>
    </resources>

    <dependencies>
        <module name="java.naming"/>
        <module name="java.sql"/>
        <module name="org.hibernate"/>
        <!--WFLY-14219 Remove deprecated <module name="javax.api"/> -->
        <module name="javax.transaction.api"/>
        <module name="org.hibernate.jipijapa-hibernate5-3" services="import"/>
        <module name="org.infinispan" services="import"/>
        <module name="org.infinispan.commons"/>
        <module name="org.infinispan.component.annotations"/>
        <module name="org.jboss.as.jpa.spi"/>
        <module name="org.jboss.logging"/>
        <module name="org.wildfly.clustering.infinispan.spi" services="import"/>
    </dependencies>
</module>
