<?xml version="1.0" encoding="UTF-8"?>
<!--
  ~ JBoss, Home of Professional Open Source.
  ~ Copyright 2011, Red Hat, Inc., and individual contributors
  ~ as indicated by the @author tags. See the copyright.txt file in the
  ~ distribution for a full listing of individual contributors.
  ~
  ~ This is free software; you can redistribute it and/or modify it
  ~ under the terms of the GNU Lesser General Public License as
  ~ published by the Free Software Foundation; either version 2.1 of
  ~ the License, or (at your option) any later version.
  ~
  ~ This software is distributed in the hope that it will be useful,
  ~ but WITHOUT ANY WARRANTY; without even the implied warranty of
  ~ MERCHANTABILITY or FITNESS FOR A PARTICULAR PURPOSE. See the GNU
  ~ Lesser General Public License for more details.
  ~
  ~ You should have received a copy of the GNU Lesser General Public
  ~ License along with this software; if not, write to the Free
  ~ Software Foundation, Inc., 51 Franklin St, Fifth Floor, Boston, MA
  ~ 02110-1301 USA, or see the FSF site: http://www.fsf.org.
  -->
<module name="org.jboss.ws.cxf.jbossws-cxf-server" xmlns="urn:jboss:module:1.9">

    <properties>
        <property name="jboss.api" value="private"/>
    </properties>

    <resources>
        <artifact name="org.jboss.ws.cxf:jbossws-cxf-server:5.4.4.Final"/>
    </resources>

    <dependencies>
        <module name="java.logging"/>
        <module name="java.management"/>
        <!--WFLY-14219 Remove deprecated <module name="javax.api"/> -->
        <module name="javax.security.auth.message.api"/>
        <module name="javax.servlet.api"/>
        <module name="javax.jws.api"/>
        <module name="javax.wsdl4j.api"/>
        <module name="javax.xml.bind.api"/>
        <module name="javax.xml.stream.api"/>
        <module name="javax.xml.ws.api"/>
        <module name="org.jboss.ws.api"/>
        <module name="org.jboss.ws.spi"/>
        <module name="org.jboss.ws.common"/>
        <module name="org.jboss.ws.jaxws-client"/>
        <module name="org.jboss.ws.cxf.jbossws-cxf-factories" services="import"/>
        <!-- do not import services from cxf, those need to come from jbossws -->
        <module name="org.apache.cxf.impl">
          <imports>
            <include path="META-INF/cxf"/> <!-- required to also pull in the bus extensions from META-INF -->
            <include path="META-INF"/>
          </imports>
        </module>
        <module name="org.jboss.ws.cxf.jbossws-cxf-transports-undertow" services="import">
          <imports>
            <include path="META-INF/cxf"/> <!-- required to also pull in the bus extensions from META-INF -->
            <include path="META-INF"/>
          </imports>
        </module>
        <module name="org.jboss.ws.cxf.jbossws-cxf-transports-udp" services="import">
          <imports>
            <include path="META-INF/cxf"/> <!-- required to also pull in the bus extensions from META-INF -->
            <include path="META-INF"/>
          </imports>
        </module>
        <module name="org.jboss.logging"/>
        <module name="org.apache.ws.security"/>
        <module name="org.picketbox"/>
        <module name="java.xml"/>
    </dependencies>
</module>
