<?xml version="1.0" encoding="UTF-8"?>
<!--
  ~ JBoss, Home of Professional Open Source.
  ~ Copyright 2021, Red Hat, Inc., and individual contributors
  ~ as indicated by the @author tags. See the copyright.txt file in the
  ~ distribution for a full listing of individual contributors.
  ~
  ~ This is free software; you can redistribute it and/or modify it
  ~ under the terms of the GNU Lesser General Public License as
  ~ published by the Free Software Foundation; either version 2.1 of
  ~ the License, or (at your option) any later version.
  ~
  ~ This software is distributed in the hope that it will be useful,
  ~ but WITHOUT ANY WARRANTY; without even the implied warranty of
  ~ MERCHANTABILITY or FITNESS FOR A PARTICULAR PURPOSE. See the GNU
  ~ Lesser General Public License for more details.
  ~
  ~ You should have received a copy of the GNU Lesser General Public
  ~ License along with this software; if not, write to the Free
  ~ Software Foundation, Inc., 51 Franklin St, Fifth Floor, Boston, MA
  ~ 02110-1301 USA, or see the FSF site: http://www.fsf.org.
  -->
<module name="io.grpc" xmlns="urn:jboss:module:1.9">
    <properties>
        <property name="jboss.api" value="private"/>
    </properties>

    <resources>
        <artifact name="io.grpc:grpc-api:1.36.1"/>
        <artifact name="io.grpc:grpc-context:1.36.1"/>
        <artifact name="io.grpc:grpc-protobuf:1.36.1"/>
        <artifact name="io.grpc:grpc-okhttp:1.36.1"/>
        <artifact name="io.grpc:grpc-core:1.36.1"/>
        <artifact name="io.grpc:grpc-protobuf-lite:1.36.1"/>
        <artifact name="io.grpc:grpc-stub:1.36.1"/>
    </resources>

    <dependencies>
        <module name="com.google.code.gson"/>
        <module name="com.google.protobuf" export="true"/>
        <module name="com.squareup.okhttp3"/>
        <module name="com.google.guava"/>
        <module name="java.logging"/>
    </dependencies>
</module>
