<?xml version="1.0" encoding="UTF-8"?>
<!--
  ~ JBoss, Home of Professional Open Source.
  ~ Copyright 2011, Red Hat, Inc., and individual contributors
  ~ as indicated by the @author tags. See the copyright.txt file in the
  ~ distribution for a full listing of individual contributors.
  ~
  ~ This is free software; you can redistribute it and/or modify it
  ~ under the terms of the GNU Lesser General Public License as
  ~ published by the Free Software Foundation; either version 2.1 of
  ~ the License, or (at your option) any later version.
  ~
  ~ This software is distributed in the hope that it will be useful,
  ~ but WITHOUT ANY WARRANTY; without even the implied warranty of
  ~ MERCHANTABILITY or FITNESS FOR A PARTICULAR PURPOSE. See the GNU
  ~ Lesser General Public License for more details.
  ~
  ~ You should have received a copy of the GNU Lesser General Public
  ~ License along with this software; if not, write to the Free
  ~ Software Foundation, Inc., 51 Franklin St, Fifth Floor, Boston, MA
  ~ 02110-1301 USA, or see the FSF site: http://www.fsf.org.
  -->
<module name="org.jboss.as.xts" xmlns="urn:jboss:module:1.9">

    <properties>
        <property name="jboss.api" value="private"/>
    </properties>

    <exports>
        <exclude path="org/jboss/as/xts/logging"/>
    </exports>

    <resources>
        <artifact name="org.wildfly:wildfly-xts:25.0.0.Beta1-SNAPSHOT"/>
    </resources>

    <dependencies>
        <!--WFLY-14219 Remove deprecated <module name="javax.api"/> -->
        <module name="javax.transaction.api"/>
        <module name="javax.ejb.api"/>
        <module name="org.jboss.as.ee"/>
        <module name="org.jboss.msc"/>
        <module name="org.jboss.as.controller"/>
        <module name="org.wildfly.security.elytron-private"/>
        <module name="org.jboss.as.server"/>
        <module name="org.jboss.as.transactions"/>
        <module name="org.jboss.as.network"/>
        <!-- need this for the endpoint service -->
        <module name="org.jboss.as.webservices.server.integration"/>
        <!-- need this for the endpoint security context -->
        <module name="org.jboss.staxmapper"/>
        <module name="org.jboss.logging"/>
        <module name="org.jboss.xts"/>
        <!-- need this to get the SPIProviderResolver  -->
        <module name="org.jboss.ws.spi"/>
        <module name="org.jboss.jandex"/>
        <module name="org.jboss.weld.core"/>
        <module name="org.jboss.modules"/>
        <module name="javax.enterprise.api"/>
        <module name="org.jboss.as.ejb3"/>
        <module name="org.jboss.invocation"/>
        <module name="org.jboss.as.naming"/>
        <module name="org.jboss.narayana.compensations"/>
        <module name="org.wildfly.transaction.client"/>
        <module name="java.xml"/>
    </dependencies>
</module>
