<?xml version="1.0" encoding="UTF-8"?>
<!--
  ~ JBoss, Home of Professional Open Source.
  ~ Copyright 2021, Red Hat, Inc., and individual contributors
  ~ as indicated by the @author tags. See the copyright.txt file in the
  ~ distribution for a full listing of individual contributors.
  ~
  ~ This is free software; you can redistribute it and/or modify it
  ~ under the terms of the GNU Lesser General Public License as
  ~ published by the Free Software Foundation; either version 2.1 of
  ~ the License, or (at your option) any later version.
  ~
  ~ This software is distributed in the hope that it will be useful,
  ~ but WITHOUT ANY WARRANTY; without even the implied warranty of
  ~ MERCHANTABILITY or FITNESS FOR A PARTICULAR PURPOSE. See the GNU
  ~ Lesser General Public License for more details.
  ~
  ~ You should have received a copy of the GNU Lesser General Public
  ~ License along with this software; if not, write to the Free
  ~ Software Foundation, Inc., 51 Franklin St, Fifth Floor, Boston, MA
  ~ 02110-1301 USA, or see the FSF site: http://www.fsf.org.
  -->
<module name="io.opentelemetry.trace" xmlns="urn:jboss:module:1.9">
    <properties>
        <property name="jboss.api" value="private"/>
    </properties>
    <resources>
        <artifact name="io.opentelemetry:opentelemetry-sdk:1.3.0"/>
        <artifact name="io.opentelemetry:opentelemetry-sdk-trace:1.3.0"/>
        <artifact name="io.opentelemetry:opentelemetry-sdk-common:1.3.0"/>
        <artifact name="io.opentelemetry:opentelemetry-semconv:1.3.0-alpha"/>
        <artifact name="io.opentelemetry:opentelemetry-api-metrics:1.3.0-alpha"/>
        <artifact name="io.opentelemetry:opentelemetry-exporter-jaeger:1.3.0"/>
        <artifact name="io.opentelemetry:opentelemetry-exporter-otlp-common:1.3.0"/>
        <artifact name="io.opentelemetry:opentelemetry-exporter-otlp-trace:1.3.0"/>
        <artifact name="io.opentelemetry:opentelemetry-proto:1.3.0-alpha"/>
    </resources>

    <dependencies>
        <module name="io.opentelemetry.api"/>
        <module name="io.opentelemetry.context"/>
        <module name="com.squareup.okhttp3"/>
        <module name="org.slf4j"/>
        <module name="io.jaegertracing"/>
        <module name="io.grpc"/>
        <module name="com.google.guava"/>
        <module name="com.google.code.gson"/>

        <module name="java.logging"/>
        <module name="jdk.unsupported"/>
    </dependencies>
</module>
