<?xml version="1.0" encoding="UTF-8"?>
<!--
  ~ JBoss, Home of Professional Open Source.
  ~ Copyright 2010, Red Hat, Inc., and individual contributors
  ~ as indicated by the @author tags. See the copyright.txt file in the
  ~ distribution for a full listing of individual contributors.
  ~
  ~ This is free software; you can redistribute it and/or modify it
  ~ under the terms of the GNU Lesser General Public License as
  ~ published by the Free Software Foundation; either version 2.1 of
  ~ the License, or (at your option) any later version.
  ~
  ~ This software is distributed in the hope that it will be useful,
  ~ but WITHOUT ANY WARRANTY; without even the implied warranty of
  ~ MERCHANTABILITY or FITNESS FOR A PARTICULAR PURPOSE. See the GNU
  ~ Lesser General Public License for more details.
  ~
  ~ You should have received a copy of the GNU Lesser General Public
  ~ License along with this software; if not, write to the Free
  ~ Software Foundation, Inc., 51 Franklin St, Fifth Floor, Boston, MA
  ~ 02110-1301 USA, or see the FSF site: http://www.fsf.org.
  -->
<module name="org.jboss.weld.core" xmlns="urn:jboss:module:1.9">

    <properties>
        <property name="jboss.api" value="private"/>
    </properties>

    <resources>
        <artifact name="org.jboss.weld:weld-core-impl:3.1.7.SP1"/>
        <artifact name="org.jboss.weld.module:weld-ejb:3.1.7.SP1"/>
        <artifact name="org.jboss.weld.module:weld-jta:3.1.7.SP1"/>
        <artifact name="org.jboss.weld.module:weld-web:3.1.7.SP1"/>
    </resources>

    <dependencies>
        <module name="javax.annotation.api"/>
        <module name="javax.ejb.api"/>
        <module name="javax.enterprise.api"/>
        <module name="javax.inject.api"/>
        <module name="javax.interceptor.api"/>
        <module name="javax.persistence.api"/>
        <module name="javax.servlet.api"/>
        <module name="javax.transaction.api"/>
        <module name="javax.validation.api"/>
        <module name="org.glassfish.jakarta.el"/>
        <module name="org.jboss.classfilewriter"/>
        <module name="org.jboss.weld.api" export="true"/>
        <module name="org.jboss.weld.spi" export="true"/>
        <module name="org.jboss.logging"/>
        <module name="jdk.unsupported"/>
        <module name="java.desktop"/>
        <module name="java.logging"/>
        <module name="java.naming"/>
        <module name="java.xml"/>
    </dependencies>
</module>
