<?xml version="1.0" encoding="UTF-8"?>
<!--
  ~ JBoss, Home of Professional Open Source.
  ~ Copyright 2010, Red Hat, Inc., and individual contributors
  ~ as indicated by the @author tags. See the copyright.txt file in the
  ~ distribution for a full listing of individual contributors.
  ~
  ~ This is free software; you can redistribute it and/or modify it
  ~ under the terms of the GNU Lesser General Public License as
  ~ published by the Free Software Foundation; either version 2.1 of
  ~ the License, or (at your option) any later version.
  ~
  ~ This software is distributed in the hope that it will be useful,
  ~ but WITHOUT ANY WARRANTY; without even the implied warranty of
  ~ MERCHANTABILITY or FITNESS FOR A PARTICULAR PURPOSE. See the GNU
  ~ Lesser General Public License for more details.
  ~
  ~ You should have received a copy of the GNU Lesser General Public
  ~ License along with this software; if not, write to the Free
  ~ Software Foundation, Inc., 51 Franklin St, Fifth Floor, Boston, MA
  ~ 02110-1301 USA, or see the FSF site: http://www.fsf.org.
  -->
<module name="org.jboss.as.clustering.infinispan" xmlns="urn:jboss:module:1.9">

    <properties>
        <property name="jboss.api" value="private"/>
    </properties>

    <exports>
        <exclude path="org/wildfly/clustering/ejb/infinispan/logging"/>
    </exports>

    <resources>
        <artifact name="org.wildfly:wildfly-clustering-infinispan-extension:25.0.0.Beta1-SNAPSHOT"/>
    </resources>

    <dependencies>
        <module name="java.management"/>
        <module name="java.sql"/>
        <module name="java.xml"/>
        <!--WFLY-14219 Remove deprecated <module name="javax.api"/> -->
        <module name="javax.transaction.api"/>
        <!-- The io.netty module is only require to initialize Netty's InternalLoggingFactory -->
        <module name="io.netty"/>
        <module name="io.reactivex.rxjava3.rxjava"/>
        <module name="net.jcip"/>
        <module name="org.infinispan" services="import"/>
        <module name="org.infinispan.persistence.jdbc"/>
        <module name="org.infinispan.persistence.remote"/>
        <module name="org.infinispan.client.hotrod"/>
        <module name="org.infinispan.commons"/>
        <module name="org.infinispan.protostream"/>
        <module name="org.jboss.as.clustering.common"/>
        <module name="org.jboss.as.clustering.jgroups"/>
        <module name="org.jboss.as.controller"/>
        <module name="org.jboss.as.naming"/>
        <module name="org.jboss.as.network"/>
        <module name="org.jboss.as.server"/>
        <module name="org.jboss.jboss-transaction-spi"/>
        <module name="org.jboss.logging"/>
        <module name="org.jboss.marshalling"/>
        <module name="org.jboss.modules"/>
        <module name="org.jboss.msc"/>
        <module name="org.jboss.staxmapper"/>
        <module name="org.jgroups"/>
        <module name="org.reactivestreams"/>
        <module name="org.wildfly.clustering.api"/>
        <module name="org.wildfly.clustering.ee.infinispan"/>
        <module name="org.wildfly.clustering.ee.spi"/>
        <module name="org.wildfly.clustering.infinispan.client"/>
        <module name="org.wildfly.clustering.infinispan.marshalling"/>
        <module name="org.wildfly.clustering.infinispan.spi" services="import"/>
        <module name="org.wildfly.clustering.jgroups.spi"/>
        <module name="org.wildfly.clustering.marshalling.api"/>
        <module name="org.wildfly.clustering.marshalling.jboss"/>
        <module name="org.wildfly.clustering.marshalling.protostream"/>
        <module name="org.wildfly.clustering.marshalling.spi"/>
        <module name="org.wildfly.clustering.service"/>
        <module name="org.wildfly.clustering.spi"/>
        <module name="org.wildfly.common"/>
        <module name="org.wildfly.security.elytron-private"/>
        <module name="org.wildfly.transaction.client"/>
    </dependencies>
</module>
