<?xml version="1.0" encoding="UTF-8"?>
<!--
  ~ JBoss, Home of Professional Open Source.
  ~ Copyright 2012, Red Hat, Inc., and individual contributors
  ~ as indicated by the @author tags. See the copyright.txt file in the
  ~ distribution for a full listing of individual contributors.
  ~
  ~ This is free software; you can redistribute it and/or modify it
  ~ under the terms of the GNU Lesser General Public License as
  ~ published by the Free Software Foundation; either version 2.1 of
  ~ the License, or (at your option) any later version.
  ~
  ~ This software is distributed in the hope that it will be useful,
  ~ but WITHOUT ANY WARRANTY; without even the implied warranty of
  ~ MERCHANTABILITY or FITNESS FOR A PARTICULAR PURPOSE. See the GNU
  ~ Lesser General Public License for more details.
  ~
  ~ You should have received a copy of the GNU Lesser General Public
  ~ License along with this software; if not, write to the Free
  ~ Software Foundation, Inc., 51 Franklin St, Fifth Floor, Boston, MA
  ~ 02110-1301 USA, or see the FSF site: http://www.fsf.org.
  -->
<module name="org.jboss.as.jsf-injection" xmlns="urn:jboss:module:1.9">

    <properties>
        <property name="jboss.api" value="private"/>
    </properties>

    <resources>
        <artifact name="org.wildfly:wildfly-jsf-injection:25.0.0.Beta1-SNAPSHOT"/>
        <artifact name="org.jboss.weld.module:weld-jsf:3.1.7.SP1"/>
    </resources>

    <dependencies>
        <module name="com.sun.jsf-impl"/>
        <module name="java.naming"/>
        <module name="java.desktop"/>
        <module name="org.jboss.as.ee"/>
        <module name="org.jboss.as.jsf"/>
        <module name="org.jboss.as.web-common"/>
        <module name="javax.servlet.api"/>
        <module name="javax.enterprise.api"/>
        <module name="org.jboss.logging"/>
        <module name="org.jboss.weld.core"/>
        <module name="org.jboss.weld.api"/>

        <!-- added this for MyFacesAnnotationProvider -->
        <module name="javax.faces.api"/>
    </dependencies>
</module>
