<?xml version="1.0" encoding="UTF-8"?>
<!--
  ~ Copyright 2018 Red Hat, Inc.
  ~
  ~ Licensed under the Apache License, Version 2.0 (the "License");
  ~ you may not use this file except in compliance with the License.
  ~ You may obtain a copy of the License at
  ~
  ~   http://www.apache.org/licenses/LICENSE-2.0
  ~
  ~ Unless required by applicable law or agreed to in writing, software
  ~ distributed under the License is distributed on an "AS IS" BASIS,
  ~ WITHOUT WARRANTIES OR CONDITIONS OF ANY KIND, either express or implied.
  ~ See the License for the specific language governing permissions and
  ~ limitations under the License.
  -->
<module name="com.google.code.gson" xmlns="urn:jboss:module:1.9">

    <properties>
        <property name="jboss.api" value="private"/>
    </properties>

    <resources>
        <artifact name="com.google.code.gson:gson:2.8.6"/>
    </resources>

    <dependencies>
        <module name="java.sql"/>
        <module name="javax.sql.api"/>
        <module name="sun.jdk"/>
    </dependencies>
</module>
