<?xml version="1.0" encoding="UTF-8"?>
<!--
  ~ JBoss, Home of Professional Open Source.
  ~ Copyright 2011, Red Hat, Inc., and individual contributors
  ~ as indicated by the @author tags. See the copyright.txt file in the
  ~ distribution for a full listing of individual contributors.
  ~
  ~ This is free software; you can redistribute it and/or modify it
  ~ under the terms of the GNU Lesser General Public License as
  ~ published by the Free Software Foundation; either version 2.1 of
  ~ the License, or (at your option) any later version.
  ~
  ~ This software is distributed in the hope that it will be useful,
  ~ but WITHOUT ANY WARRANTY; without even the implied warranty of
  ~ MERCHANTABILITY or FITNESS FOR A PARTICULAR PURPOSE. See the GNU
  ~ Lesser General Public License for more details.
  ~
  ~ You should have received a copy of the GNU Lesser General Public
  ~ License along with this software; if not, write to the Free
  ~ Software Foundation, Inc., 51 Franklin St, Fifth Floor, Boston, MA
  ~ 02110-1301 USA, or see the FSF site: http://www.fsf.org.
  -->
<module name="com.sun.xml.bind" xmlns="urn:jboss:module:1.9">
    <properties>
        <property name="jboss.api" value="private"/>
    </properties>

    <resources>
        <artifact name="com.sun.istack:istack-commons-runtime:3.0.10"/>
        <artifact name="com.sun.istack:istack-commons-tools:3.0.10"/>
        <artifact name="com.sun.xml.bind.external:rngom:2.3.3-b02"/>
        <artifact name="com.sun.xml.bind.external:relaxng-datatype:2.3.3-b02"/>
        <artifact name="org.glassfish.jaxb:codemodel:2.3.3-b02"/>
        <artifact name="org.glassfish.jaxb:jaxb-jxc:2.3.3-b02"/>
        <artifact name="org.glassfish.jaxb:jaxb-runtime:2.3.3-b02"/>
        <artifact name="org.glassfish.jaxb:jaxb-xjc:2.3.3-b02"/>
        <artifact name="org.glassfish.jaxb:xsom:2.3.3-b02"/>
        <artifact name="org.glassfish.jaxb:txw2:2.3.3-b02"/>
    </resources>

    <dependencies>
        <module name="java.logging"/>
        <module name="java.xml"/>
        <module name="javax.activation.api"/>
        <module name="javax.api"/>
        <module name="javax.xml.bind.api"/>
        <module name="javax.xml.stream.api"/>
    </dependencies>
</module>
