<?xml version="1.0" encoding="UTF-8"?>
<!--
  ~ JBoss, Home of Professional Open Source.
  ~ Copyright 2010, Red Hat, Inc., and individual contributors
  ~ as indicated by the @author tags. See the copyright.txt file in the
  ~ distribution for a full listing of individual contributors.
  ~
  ~ This is free software; you can redistribute it and/or modify it
  ~ under the terms of the GNU Lesser General Public License as
  ~ published by the Free Software Foundation; either version 2.1 of
  ~ the License, or (at your option) any later version.
  ~
  ~ This software is distributed in the hope that it will be useful,
  ~ but WITHOUT ANY WARRANTY; without even the implied warranty of
  ~ MERCHANTABILITY or FITNESS FOR A PARTICULAR PURPOSE. See the GNU
  ~ Lesser General Public License for more details.
  ~
  ~ You should have received a copy of the GNU Lesser General Public
  ~ License along with this software; if not, write to the Free
  ~ Software Foundation, Inc., 51 Franklin St, Fifth Floor, Boston, MA
  ~ 02110-1301 USA, or see the FSF site: http://www.fsf.org.
  -->
<module name="javax.orb.api" xmlns="urn:jboss:module:1.5">
    <resources>
        <artifact name="org.jboss.openjdk-orb:openjdk-orb:8.1.5.Final"/>
    </resources>

    <dependencies>
        <module name="sun.jdk"/>
        <module name="org.jboss.jts"/>
        <module name="org.jboss.jts.integration"/>
        <module name="javax.transaction.api"/>
        <module name="org.jboss.iiop-client"/>

        <!-- These dependencies are required only if the
             iiop-openjdk or jacorb subsystems are present.
             If they are the subsystem will initialize the
             ORB with a specification to use classes from
             these modules. -->
        <module name="org.wildfly.iiop-openjdk" optional="true"/>
        <module name="org.jboss.as.transactions" optional="true"/>

    </dependencies>
</module>
