<?xml version="1.0" encoding="UTF-8"?>
<!--
  ~ JBoss, Home of Professional Open Source.
  ~ Copyright 2020, Red Hat, Inc., and individual contributors
  ~ as indicated by the @author tags. See the copyright.txt file in the
  ~ distribution for a full listing of individual contributors.
  ~
  ~ This is free software; you can redistribute it and/or modify it
  ~ under the terms of the GNU Lesser General Public License as
  ~ published by the Free Software Foundation; either version 2.1 of
  ~ the License, or (at your option) any later version.
  ~
  ~ This software is distributed in the hope that it will be useful,
  ~ but WITHOUT ANY WARRANTY; without even the implied warranty of
  ~ MERCHANTABILITY or FITNESS FOR A PARTICULAR PURPOSE. See the GNU
  ~ Lesser General Public License for more details.
  ~
  ~ You should have received a copy of the GNU Lesser General Public
  ~ License along with this software; if not, write to the Free
  ~ Software Foundation, Inc., 51 Franklin St, Fifth Floor, Boston, MA
  ~ 02110-1301 USA, or see the FSF site: http://www.fsf.org.
  -->
<module name="org.eclipse.microprofile.reactive-messaging.api" xmlns="urn:jboss:module:1.8">

    <resources>
        <!--
        As the SmallRye jar duplicates classes (and adds some new ones) from the Eclipse RM API
        jar, we disable the Eclipse jar and use just the SmallRye one
        <artifact name="${org.eclipse.microprofile.reactive.messaging:microprofile-reactive-messaging-api}"/>
        -->
        <!-- Here temporarily, it should be in the io.smallrye.reactive.messaging module, or its own -->
        <artifact name="io.smallrye.reactive:smallrye-reactive-messaging-api:3.5.0"/>
    </resources>

    <dependencies>
        <module name="org.eclipse.microprofile.reactive-streams-operators.api"/>
        <module name="org.eclipse.microprofile.config.api"/>
        <module name="java.logging"/>
        <module name="javax.enterprise.api"/>
        <!-- Needed by the temporary smallrye-reactive-messaging-api -->
        <module name="io.opentelemetry.api"/>
    </dependencies>
</module>
