<?xml version='1.0' encoding='UTF-8'?>
<!DOCTYPE faces-config PUBLIC
  "-//Sun Microsystems, Inc.//DTD JavaServer Faces Config 1.1//EN"
  "http://java.sun.com/dtd/web-facesconfig_1_1.dtd">
<faces-config>
	<application>
		<locale-config>
			<default-locale>en</default-locale>
			<supported-locale>de</supported-locale>
			<supported-locale>fr</supported-locale>
			<supported-locale>es</supported-locale>
		</locale-config>
		<view-handler>com.sun.facelets.FaceletViewHandler</view-handler>
	</application>

	<navigation-rule>
		<description>The decision rule used by the NavigationHandler to determine which view must be displayed after the current view, greeting.jsp is processed.</description>
		<from-view-id>/greeting.xhtml</from-view-id>
		<navigation-case>
			<description>Indicates to the NavigationHandler that the response.jsp view must be displayed if the Action referenced by a UICommand component on the greeting.jsp view returns the outcome "success".</description>
			<from-outcome>success</from-outcome>
			<to-view-id>/response.xhtml</to-view-id>
		</navigation-case>
	</navigation-rule>

	<navigation-rule>
		<description>The decision rules used by the NavigationHandler to determine which view must be displayed after the current view, response.jsp is processed.</description>
		<from-view-id>/response.xhtml</from-view-id>
		<navigation-case>
			<description>Indicates to the NavigationHandler that the greeting.jsp view must be displayed if the Action referenced by a UICommand component on the response.jsp view returns the outcome "success".</description>
			<from-outcome>success</from-outcome>
			<to-view-id>/greeting.xhtml</to-view-id>
		</navigation-case>
	</navigation-rule>

	<managed-bean>
		<description>The "backing file" bean that backs up the guessNumber webapp</description>
		<managed-bean-name>UserNumberBean</managed-bean-name>
		<managed-bean-class>guessNumber.UserNumberBean</managed-bean-class>
		<managed-bean-scope>session</managed-bean-scope>
		<managed-property>
			<property-name>minimum</property-name>
			<property-class>int</property-class>
			<value>0</value>
		</managed-property>
		<managed-property>
			<property-name>maximum</property-name>
			<property-class>int</property-class>
			<value>10</value>
		</managed-property>
	</managed-bean>
</faces-config>