<?xml version="1.0" encoding="UTF-8"?>
<!--
  ~ JBoss, Home of Professional Open Source.
  ~ Copyright 2019, Red Hat, Inc., and individual contributors
  ~ as indicated by the @author tags. See the copyright.txt file in the
  ~ distribution for a full listing of individual contributors.
  ~
  ~ This is free software; you can redistribute it and/or modify it
  ~ under the terms of the GNU Lesser General Public License as
  ~ published by the Free Software Foundation; either version 2.1 of
  ~ the License, or (at your option) any later version.
  ~
  ~ This software is distributed in the hope that it will be useful,
  ~ but WITHOUT ANY WARRANTY; without even the implied warranty of
  ~ MERCHANTABILITY or FITNESS FOR A PARTICULAR PURPOSE. See the GNU
  ~ Lesser General Public License for more details.
  ~
  ~ You should have received a copy of the GNU Lesser General Public
  ~ License along with this software; if not, write to the Free
  ~ Software Foundation, Inc., 51 Franklin St, Fifth Floor, Boston, MA
  ~ 02110-1301 USA, or see the FSF site: http://www.fsf.org.
  -->
<module name="io.smallrye.openapi" xmlns="urn:jboss:module:1.9">

    <properties>
        <property name="jboss.api" value="private"/>
    </properties>

    <resources>
        <artifact name="io.smallrye:smallrye-open-api-core:2.1.5"/>
        <artifact name="io.smallrye:smallrye-open-api-jaxrs:2.1.5"/>
    </resources>

    <dependencies>
        <module name="java.desktop"/>
        <module name="java.sql"/>
        <!--WFLY-14219 Remove deprecated <module name="javax.api"/> -->
        <module name="javax.annotation.api"/>
        <module name="javax.enterprise.api"/>
        <module name="javax.json.api"/>
        <module name="javax.ws.rs.api"/>

        <module name="com.fasterxml.jackson.core.jackson-annotations"/>
        <module name="com.fasterxml.jackson.core.jackson-core"/>
        <module name="com.fasterxml.jackson.core.jackson-databind"/>
        <module name="com.fasterxml.jackson.dataformat.jackson-dataformat-yaml"/>

        <module name="org.eclipse.microprofile.config.api"/>
        <module name="org.eclipse.microprofile.openapi.api"/>

        <module name="org.jboss.jandex"/>
        <module name="org.jboss.logging"/>
    </dependencies>
</module>
