<?xml version="1.0" encoding="UTF-8"?>
<!--
  ~ JBoss, Home of Professional Open Source.
  ~ Copyright (c) 2011, Red Hat, Inc., and individual contributors
  ~ as indicated by the @author tags. See the copyright.txt file in the
  ~ distribution for a full listing of individual contributors.
  ~
  ~ This is free software; you can redistribute it and/or modify it
  ~ under the terms of the GNU Lesser General Public License as
  ~ published by the Free Software Foundation; either version 2.1 of
  ~ the License, or (at your option) any later version.
  ~
  ~ This software is distributed in the hope that it will be useful,
  ~ but WITHOUT ANY WARRANTY; without even the implied warranty of
  ~ MERCHANTABILITY or FITNESS FOR A PARTICULAR PURPOSE. See the GNU
  ~ Lesser General Public License for more details.
  ~
  ~ You should have received a copy of the GNU Lesser General Public
  ~ License along with this software; if not, write to the Free
  ~ Software Foundation, Inc., 51 Franklin St, Fifth Floor, Boston, MA
  ~ 02110-1301 USA, or see the FSF site: http://www.fsf.org.
  -->
<module name="org.jboss.ejb-client" xmlns="urn:jboss:module:1.9">

    <resources>
        <artifact name="org.jboss:jboss-ejb-client:4.0.41.Final"/>
    </resources>

    <dependencies>
        <module name="java.naming"/>
        <module name="java.rmi"/>
        <module name="javax.transaction.api"/>
        <!--WFLY-14219 Remove deprecated <module name="javax.api"/> -->
        <module name="javax.ejb.api"/>
        <module name="javax.interceptor.api"/>
        <module name="org.wildfly.client.config"/>
        <module name="org.wildfly.discovery"/>
        <module name="org.wildfly.common"/>
        <module name="org.wildfly.naming-client"/>
        <module name="org.wildfly.transaction.client"/>
        <module name="org.jboss.remoting"/>
        <module name="org.jboss.jboss-transaction-spi"/>
        <module name="org.jboss.logging"/>
        <module name="org.jboss.marshalling"/>
        <module name="org.jboss.marshalling.river"/>
        <module name="org.wildfly.security.elytron-private"/>
        <module name="javax.transaction.api"/>
        <module name="org.jboss.modules"/>
        <module name="java.xml"/>
    </dependencies>
</module>
